B00958,215,0,Matthew 5,,Mathew 5
B00958,228,0,John 5,,Iohn 5
B00958,229,0,Matthew 26,,Math 26
B00958,577,0,Mark 10,,Marke 10
B00958,578,0,Luke 15,,Luke 15
B00958,655,0,Matthew 26,,Mathew 26
B00958,726,0,John 10; John 15,,Iohn 10 & 15
B00958,728,0,Corinthians 10,,Corin 10
B00958,734,0,John 2; John 16,,Iohan 2 & 16
B01041,0,0,Matthew 22,,Math 22
B01041,29,0,Matthew 22,,Mat 22
B01041,287,0,John 1,,Iohn 1
A00356,412,0,Psalms 72,,psal 72
A00393,5,0,Matthew 11,,Matthew 11
A00393,91,0,Matthew ***.*,,mat *** *
A00609,131,0,Ephesians 5; Ephesians 6,,Ephesians 5 & 6
A00789,253,0,Matthew 5,,Math 5
A00918,18,0,Jeremiah 1,,Ierom 1
A00918,131,0,Kings 10,,kynges 10
A00918,132,0,Jeremiah 6,,Ieremy 6
A00918,396,0,Job 21,,Iob 21
A02379,8,0,Joel 51,,il 51
A02379,38,0,Job 18,,Io 18
A02379,39,0,Matthew 20,,Mat 20
A02379,43,0,Luke 12,,Luce 12
A02379,81,0,Deuteronomy 17,,Deutero 17
A02379,82,0,Romans 13,,Romanos 13
A02379,158,0,Revelation 4.12,,re 4 12
A02379,158,1,2 Chronicles 24,,2 Paralip 24
A02379,159,0,Revelation 4.18,,re 4 18
A02379,161,0,2 Chronicles 32,,2 Paralip 32
A02379,193,0,Romans 13,,Romanos 13
A02379,227,0,1 Chronicles 39,,1 Paralip 39
A02882,0,0,Ephesians 6,,Ephesians 6
A02882,34,0,Matthew 12,,Mathew 12
A02882,89,0,Ecclesiastes 3,,Ecclesiast 3
A02882,95,0,Ephesians 5,,Ephesians 5
A02882,106,0,Matthew 5,,Matthew 5
A02882,123,0,Philippians 2,,Philyppians 2
A02882,126,0,Genesis 4,,Geneses 4
A02882,131,0,Matthew 19,,Matthew 19
A02882,135,0,Matthew 5,,Matthew 5
A02882,143,0,Corinthians 6,,Corinthians 6
A02882,144,0,Thessalonians 4,,Thessalonians 4
A02882,146,0,Ephesians 5,,Ephesians 5
A02882,151,0,Corinthians 6,,Corinthyans 6
A02882,154,0,Corinthians 6,,Corinthyans 6
A02882,156,0,Hebrews 13,,Hebrues 13
A02882,158,0,Corinthians 10,,Corin 10
A02882,160,0,Genesis 20; Genesis 6,,Gene 20 & 6
A02882,162,0,Kings 11,,kynges 11
A02882,173,0,Joshua 7,,Iosue 7
A02882,174,0,Ephesians 4,,Ephesians 4
A02882,180,0,Daniel 13,,Danyell 13
A02882,181,0,Ephesians 4,,Ephesyans 4
A02882,185,0,Matthew 18,,Mathew 18
A02882,194,0,Exodus 20,,Exo 20
A02882,201,0,Ephesians 5,,Ephesians 5
A02882,201,1,Colossians 3,,Collos 3
A02882,203,0,Kings 16,,kynges 16
A02882,210,0,John 7,,Ihon 7
A02882,214,0,John 4,,Ihon 4
A02882,221,0,Hebrews 11,,Hebrues 11
A02882,222,0,John 4,,Ihon 4
A02882,232,0,John 5,,Ihon 5
A02882,238,0,Matthew 10,,Mat 10
A02882,241,0,Corinthians 5,,Corinthians 5
A02882,249,0,Matthew 6,,Mathew 6
A02882,255,0,Matthew 8,,Mathew 8
A02882,259,0,Matthew 1,,Matth 1
A02882,263,0,Corinthians 10,,corinthians 10
A02883,34,0,Ephesians 5,,Ephesyans 5
A02883,35,0,Matthew 10,,Mathew 10
A02883,50,0,Hebrews 9,,Hebrues 9
A02883,52,0,Hebrews 10,,Hebrues 10
A02883,61,0,Hebrews 9,,Hebrues 9
A02883,62,0,1 Corinthians 13,,1 Corint 13
A02883,69,0,Psalms 15,,Psalm 15
A02883,76,0,Mark 16,,Mark 16
A02883,77,0,Ephesians 5,,Ephe 5
A02883,94,0,Matthew 26,,Matth 26
A02883,98,0,Luke 21,,Luke 21
A02883,108,0,Isaiah 66,,Esai 66
A02883,111,0,Corinthians 5,,Cor 5
A02883,182,0,Romans 3,,Rom 3
A02883,196,0,Acts 13,,Act 13
A02883,201,0,Romans 10,,Ro 10
A02883,202,0,Acts 11,,Actes 11
A02883,209,0,1 Corinthians 15,,1 Corint 15
A02883,210,0,Job 19,,Iob 19
A02883,213,0,Ezekiel 35,,Ezech 35
A02883,215,0,Daniel 12,,Daniel 12
A02883,218,0,Matthew 22,,Matt 22
A02883,220,0,1 Corinthians 15.1,,1 Corint 15 1
A02883,223,0,1 Corinthians 15.1,,1 Corint 15 1
A02883,226,0,1 Corinthians 15,,1 Cor 15
A02883,231,0,Daniel 12,,Daniel 12
A02883,232,0,Hosea 13.1,,Oseas 13 1
A02883,233,0,Ezekiel 33.1,,"Ezechiel 33 , 1"
A02883,236,0,Isaiah 66,,Esai 66
A02883,240,0,John 17,,Iohn 17
A02883,244,0,Psalms 31,,Psal 31
A02883,246,0,Matthew 25,,Matt 25
A02883,247,0,Romans 5,,Roma 5
A02883,251,0,John 3,,Iohn 3
A02883,256,0,1 Corinthians 13,,1 Cor 13
A02883,271,0,Matthew 28,,Matt 28
A02883,296,0,Genesis 16,,Gene 16
A02883,300,0,1 Corinthians 11,,1 Corint 11
A02883,312,0,1 Corinthians 15,,1 Cor 15
A02883,359,0,Ephesians 5,,Ephesyans 5
A02883,360,0,Matthew 10,,Mathew 10
A02883,375,0,Hebrews 9,,Hebrues 9
A02883,377,0,Hebrews 10,,Hebrues 10
A02883,386,0,Hebrews 9,,Hebrues 9
A02883,387,0,1 Corinthians 13,,1 Corint 13
A02883,394,0,Psalms 15,,Psalm 15
A02883,401,0,Mark 16,,Mark 16
A02883,402,0,Ephesians 5,,Ephe 5
A02883,419,0,Matthew 26,,Matth 26
A02883,423,0,Luke 21,,Luke 21
A02883,433,0,Isaiah 66,,Esai 66
A02883,436,0,Corinthians 5,,Cor 5
A02883,507,0,Romans 3,,Rom 3
A02883,521,0,Acts 13,,Act 13
A02883,526,0,Romans 10,,Ro 10
A02883,527,0,Acts 11,,Actes 11
A02883,534,0,1 Corinthians 15,,1 Corint 15
A02883,535,0,Job 19,,Iob 19
A02883,538,0,Ezekiel 35,,Ezech 35
A02883,540,0,Daniel 12,,Daniel 12
A02883,543,0,Matthew 22,,Matt 22
A02883,545,0,1 Corinthians 15.1,,1 Corint 15 1
A02883,548,0,1 Corinthians 15.1,,1 Corint 15 1
A02883,551,0,1 Corinthians 15,,1 Cor 15
A02883,556,0,Daniel 12,,Daniel 12
A02883,557,0,Hosea 13.1,,Oseas 13 1
A02883,558,0,Ezekiel 33.1,,"Ezechiel 33 , 1"
A02883,561,0,Isaiah 66,,Esai 66
A02883,565,0,John 17,,Iohn 17
A02883,569,0,Psalms 31,,Psal 31
A02883,571,0,Matthew 25,,Matt 25
A02883,572,0,Romans 5,,Roma 5
A02883,576,0,John 3,,Iohn 3
A02883,581,0,1 Corinthians 13,,1 Cor 13
A02883,596,0,Matthew 28,,Matt 28
A02883,621,0,Genesis 16,,Gene 16
A02883,625,0,1 Corinthians 11,,1 Corint 11
A02883,637,0,1 Corinthians 15,,1 Cor 15
A03519,251,0,Galatians 5,,Gal 5
A03628,16,0,Ephesians 5,,Ephe 5
A03628,16,1,1 Corinthians 6,,1 Cor 6
A03628,18,0,John 3,,Joan 3
A03628,24,0,John 3,,Joan 3
A03628,30,0,Genesis 3,,Gene 3
A03628,30,1,Isaiah 53,,Esa 53
A03628,30,2,Matthew 1.11,,Matthew 1 11
A03628,30,3,John 1.3; John 4.5,,Joh 1 3 4 5
A03628,30,4,1 John 1.2,,1 Johan 1 2
A03628,33,0,Genesis 49,,Gene 49
A03628,33,1,Deuteronomy 31,,Deuter 31
A03628,33,2,Joshua 23.3,,Josua 23 3
A03628,33,3,Revelation 2,,Re 2
A03628,55,0,Matthew 27,,Mathewe 27
A03628,55,1,Luke 23,,Luke 23
A03628,57,0,Psalms 3,,Psal 3
A03628,67,0,2 Timothy 3,,2 Tymo 3
A03628,87,0,John 5,,John 5
A03628,88,0,Luke 16,,Luc 16
A03628,94,0,1 Corinthians 15,,1 Corin 15
A03628,95,0,Hebrews 9,,Ebre 9
A03628,98,0,Ephesians 2,,Ephe 2
A03628,110,0,Acts 1,,Actu 1
A03628,125,0,Galatians 6,,Gal 6
A03628,125,1,2 Corinthians 5,,2 Corint 5
A03628,130,0,Genesis 3,,Gene 3
A03628,130,1,Isaiah 53,,Esa 53
A03628,130,2,Ephesians 2,,Ephe 2
A03628,131,0,Isaiah 1,,Esa 1
A04510,105,0,Corinthians 7,,Cori 7
A04598,35,0,Genesis 2,,Gene 2
A04598,185,0,Revelation 14,,Apoc 14
A04598,193,0,John 16,,Ioan 16
A04598,209,0,Philippians 1,,Phil 1
A04598,210,0,Acts 7,,Acto 7
A04598,212,0,Luke 23,,Luce 23
A04598,216,0,Luke 16,,Luce 16
A04598,224,0,John 14,,Ioan 14
A04598,242,0,John 8,,Ioan 8
A05156,271,0,Luke 12,,Luc 12
A05156,705,0,Ecclesiastes 5,,Ecclesia 5
A05158,8,0,Matthew 22,,Mathewe 22
A05390,231,0,Corinthians 11,,Cor 11
A05394,384,0,Esther 58,,Es 58
A05397,48,0,2 Corinthians 2,,2 Cor 2
A05397,177,0,Romans 13,,Rom 13
A05397,198,0,Matthew 25,,Mathewe 25
A05397,252,0,Kings 3.17,,3 Reg 3 17
A05397,269,0,Isaiah 5,,Esaye 5
A06329,1,0,Psalms 129,,Psalm 129
A06330,587,0,Acts 8,,Actu 8
A06508,55,0,Psalms 51,,Psalm 51
A06508,100,0,Psalms 16,,Psalme 16
A06508,126,0,1 Corinthians 15,,1 Cor 15
A06508,141,0,1 Corinthians 15,,1 Cor 15
A06508,284,0,1 Corinthians 15,,1 Cor 15
A06508,313,0,John 20,,Iohan 20
A06508,493,0,Romans 3; Romans 4,,Rom 3 & 4
A06508,493,1,Galatians 3,,galat 3
A06508,507,0,Jeremiah 5,,Iere 5
A06508,578,0,John 20,,Iohn 20
A06508,586,0,1 Corinthians 15,,1 Corin 15
A06508,605,0,Isaiah 56,,Esa 56
A06508,607,0,Psalms 96,,Psal 96
A06508,624,0,Isaiah 25,,Esa 25
A06508,626,0,Isaiah 9,,Esa 9
A06508,627,0,John 11.1,,Iohn 11 1
A06508,630,0,John 5,,Iohn 5
A06508,637,0,John 11,,Iohn 11
A06508,640,0,John 11,,Iohn 11
A06508,641,0,Matthew 9,,Matthew 9
A06508,649,0,1 Corinthians 15,,1 Corin 15
A06508,651,0,1 Corinthians 15,,1 Corin 15
A06508,653,0,Matthew 10,,Math 10
A06508,659,0,1 Corinthians 6,,1 Cor 6
A06510,0,0,Matthew 18,,Mathewe 18
A06510,126,0,Luke 12,,Luc 12
A06520,218,0,1 Timothy 5,,1 Timoth 5
A06520,250,0,Timothy 5,,Timoth 5
A06532,13,0,Ezekiel 9,,Ezech 9
A06532,13,1,Revelation 7,,Apoca 7
A06532,34,0,1 Corinthians 11,,1 Cor 11
A06532,50,0,Isaiah 57,,Esay 57
A06532,51,0,Job 3,,Io 3
A06532,67,0,Romans 8,,Rom 8
A06532,68,0,Exodus 37,,Exod 37
A06532,69,0,Deuteronomy 32,,Deuter 32
A06532,71,0,Matthew 23,,Mat 23
A06532,71,1,Kings 3.3,,3 Reg 3 3
A06532,87,0,Luke 16,,Luce 16
A06532,91,0,Romans 8,,Roma 8
A06532,100,0,1 Corinthians 10,,1 Cor 10
A06532,109,0,Acts 7,,Actu 7
A06532,191,0,Matthew 5,,Math 5
A06532,192,0,John 5,,Ioh 5
A06532,193,0,John 7,,Ioh 7
A06532,217,0,Luke 12,,Luce 12
A06532,265,0,John 15,,Ioh 15
A06532,278,0,Jeremiah 17,,Ierem 17
A06532,285,0,Matthew 18,,Mathe 18
A06532,288,0,Psalms 33,,Psal 33
A07584,2321,0,Matthew 12,,Mathewe 12
A07584,2342,0,Hebrews 6,,hebre 6
A07584,2353,0,Genesis 27,,genesis 27
A07584,2497,0,Matthew 17,,Mathewe 17
A07584,2514,0,Exodus 30,,exodi 30
A07584,2514,1,Kings 3.19,,3 regu 3 19
A07584,2612,0,Luke 10,,Luce 10
A07584,2647,0,Isaiah 5,,Ysaye 5
A08442,1,0,Thessalonians 100.5,,THE 100 5
A08444,597,0,Judges 12,,iudge 12
A08444,666,0,Thessalonians 18,,Th 18
A08445,211,0,Judges 12,,iudge 12
A08445,808,0,Judges 12,,iudge 12
A08463,49,0,Matthew 7,,Mathew 7
A08463,190,0,Matthew 6,,Mat 6
A08560,14,0,Ezekiel 9,,Ezech 9
A08560,14,1,Revelation 7,,Apoca 7
A08560,39,0,1 Corinthians 11,,1 Cor 11
A08560,55,0,Isaiah 57,,Esa 57
A08560,56,0,Job 3,,Io 3
A08560,59,0,Exodus 37,,Exodi 37
A08560,60,0,Deuteronomy 32,,Deutero 32
A08560,63,0,Matthew 23,,Mat 23
A08560,63,1,Kings 3.3,,3 Reg 3 3
A08560,79,0,Luke 16,,Luce 16
A08560,83,0,Romans 8,,Roma 8
A08560,93,0,1 Corinthians 10,,1 Cor 10
A08560,99,0,Acts 7,,Actu 7
A08560,185,0,Matthew 5,,Math 5
A08560,186,0,John 5,,Ioh 5
A08560,187,0,John 7,,Ioh 7
A08560,210,0,Luke 12,,Luce 12
A08560,243,0,Jeremiah 17,,Ieremye 17
A08560,250,0,Matthew 18,,Mathe 18
A09505,2,0,Mark 26.14,,Marc 26 14
A09505,2,1,Luke 22,,Luce 22
A09505,2,2,1 Corinthians 11,,1 Cor 11
A09505,192,0,Matthew 36,,Math 36
A09505,192,1,Mark 14,,Marc 14
A09505,192,2,Luke 22,,Luce 22
A09505,192,3,1 Corinthians 11,,1 Cor 11
A09505,969,0,Corinthians 11,,Corinthyans 11
A09505,1170,0,Hebrews 8,,Hebrews 8
A09915,0,0,Matthew 1550.13,,Math 1550 13
A09915,62,0,Isaiah 55,,Esai 55
A09915,74,0,Revelation 21,,Apo 21
A09915,120,0,John 6,,Ioh 6
A09915,133,0,John 6,,Ioh 6
A09915,207,0,John 16,,Iohn 16
A09915,316,0,Matthew 20,,Mat 20
A09915,382,0,Romans 3,,Ro 3
A11581,57,0,Matthew 19,,Mat 19
A11581,186,0,1 Corinthians 6,,1 Cor 6
A14014,242,0,Judges 12,,iudge 12
A14354,302,0,1 Corinthians 8.9; 1 Corinthians 8.10,,1 Cor 8 9 & 10
A14813,0,0,Romans 12,,Roma 12
A14813,338,0,Romans 12,,Roma 12
A15556,0,0,Luke 16,,Luce 16
A16026,140,0,John 19,,Iohes 19
A16033,97,0,Judith 100,,iudic 100
A16033,115,0,Matthew 9,,Math 9
A16033,138,0,Matthew 25; Matthew 1,,Math 25 & 1
A16033,200,0,Luke 11,,Luc 11
A16033,203,0,Matthew 16,,Math 16
A16033,203,1,Job 6,,Io 6
A16033,204,0,John 6.31,,Ioh 6 31
A16033,231,0,Exodus 100,,Exod 100
A16033,241,0,Job 19,,Io 19
A16033,246,0,Exodus 100,,ex 100
A16033,297,0,Leviticus 19; Leviticus 31,,Leuit 19 & 31
A16033,313,0,Hosea 21,,ho 21
A16033,334,0,Hebrews 10,,Hebre 10
A16033,382,0,Revelation 100,,re 100
A16033,384,0,Job 41,,Iob 41
A16091,170,0,John 20,,Ihon 20
A16091,228,0,Luke 2,,Luc 2
A16091,267,0,Matthew 11,,Math 11
A16091,388,0,John 15,,Ihon 15
A16091,554,0,Matthew 21,,Mat 21
A16091,665,0,Matthew 20,,Mathew 20
A16091,721,0,Matthew 9,,Math 9
A16091,765,0,Luke 10,,Luc 10
A16091,965,0,Luke 10,,Luke 10
A16091,1046,0,John 15,,Ihon 15
A16091,1117,0,Matthew 5,,Mat 5
A16091,1245,0,Matthew 19,,Mat 19
A16091,1341,0,John 11,,Ihon 11
A16366,18,0,Matthew ***.*,,"Mathe *** , *"
A16590,1,0,Acts 17,,Actes 17
A16590,1,1,Exodus 3,,Exod 3
A16590,42,0,Revelation 5,,Apoca 5
A16590,46,0,Isaiah 43.1,,Esay 43 1
A16590,49,0,Hebrews 2,,Heb 2
A16590,55,0,2 Corinthians 7,,2 Cor 7
A16590,78,0,Acts 11.2,,Acte 11 2
A16590,78,1,Timothy 2,,Timo 2
A16590,137,0,Numbers 14,,Num 14
A16590,138,0,Leviticus 24,,Leu 24
A16590,138,1,Numbers 13,,Num 13
A16590,187,0,1 Corinthians 11,,1 Corinth 11
A16590,216,0,Matthew 11,,Mat 11
A16590,309,0,John 13,,Iohn 13
A16590,330,0,Psalms 3,,Psalm 3
A16590,334,0,Galatians 5,,Gal 5
A16590,339,0,Romans 8,,Rom 8
A16590,339,1,Galatians 5,,Gala 5
A16698,587,0,Psalms 77,,Psal 77
A16945,2,0,Mark 5,,Mar 5
A16945,19,0,Corinthians 11,,cor 11
A16945,46,0,Matthew 5,,Math 5
A16945,94,0,Isaiah 5,,Esai 5
A16945,98,0,Matthew 16,,Mat 16
A16945,243,0,Matthew 9,,Mat 9
A16945,268,0,Matthew 9,,Math 9
A16945,290,0,Exodus 1,,ex 1
A16945,304,0,Matthew 19,,Mat 19
A16945,316,0,Hosea 9,,Ho 9
A16945,317,0,Timothy 5,,Timo 5
A16945,361,0,Revelation 10,,Re 10
A16945,394,0,Canticles 6,,Canti 6
A16945,407,0,Matthew 25,,Mat 25
A17223,41,0,Jeremiah 5,,Ieremy 5
A17223,90,0,Deuteronomy 20,,deu 20
A17223,134,0,Romans 13,,rom 13
A17223,147,0,Romans 16.2,,Rom 16 2
A17223,171,0,Exodus 21,,Exo 21
A17223,171,1,Psalms 82,,Psal 82
A17223,172,0,Romans 13,,Ro 13
A17223,172,1,1 Peter 2,,1 Pet 2
A17223,175,0,Proverbs 16,,prouer 16
A17223,176,0,Ecclesiastes 8,,Ecclesi 8
A17223,179,0,1 Timothy 2,,1 Timo 2
A17223,179,1,Jeremiah 29,,Ierem 29
A17223,181,0,Revelation 30,,Apo 30
A19564,259,0,Matthew 18,,Mathew 18
A19564,631,0,Matthew 3,,Mathewe 3
A19564,1285,0,Matthew 28,,mat 28
A19564,1285,1,Mark 16,,Mar 16
A19564,1420,0,John 20,,Iohn 20
A19564,1547,0,Matthew 26.100,,Mat 26 100
A19564,1547,1,Mark 14.100,,Mar 14 100
A19564,1547,2,Luke 22,,Luc 22
A19564,1547,3,John 6; John 13,,Iohn 6 & 13
A19564,1547,4,1 Corinthians 11.100,,1 Cor 11 100
A21119,36,0,Acts 6,,Act 6
A21119,47,0,Matthew 5,,Matth 5
A21119,47,1,Galatians 5,,Gala 5
A21119,63,0,Luke 16,,Luc 16
A21119,65,0,Luke 6,,Luk 6
A21119,68,0,1 Timothy 6,,1 Timo 6
A21119,74,0,Luke 6,,Luc 6
A21119,77,0,Genesis 25,,Gene 25
A21119,82,0,Romans 8,,Rom 8
A21119,84,0,Luke 16,,Luc 16
A21119,124,0,1 Corinthians 3,,1 Corin 3
A21119,124,1,Psalms 118,,Psal 118
A21119,126,0,Isaiah 7,,Esay 7
A21119,129,0,Romans 10,,Ro 10
A21119,131,0,1 John 2,,1 Ioh 2
A21119,144,0,Psalms 48,,Psal 48
A21119,149,0,Ezekiel 3,,Ezech 3
A21119,170,0,2 Timothy 2,,2 Tim 2
A21119,183,0,Romans 8,,Rom 8
A21119,184,0,Genesis 6,,Gene 6
A21119,189,0,Psalms 2,,Psal 2
A21119,191,0,John 11,,Ioh 11
A21119,200,0,Numbers 11.100,,number 11 100
A21119,206,0,Proverbs 21,,Pro 21
A21119,229,0,Galatians 5,,Gala 5
A21119,235,0,Galatians 5,,Gala 5
A21119,237,0,1 Peter 2,,1 Pet 2
A21119,258,0,John 11,,Ioh 11
A21119,267,0,Psalms 15,,Psal 15
A21119,271,0,Exodus 3,,Exod 3
A21119,272,0,Matthew 22,,Mat 22
A21119,283,0,Jude 11,,Iud 11
A21119,290,0,2 Kings 16,,2 Reg 16
A21119,299,0,Exodus 18,,Exo 18
A21119,314,0,Proverbs 21,,Prouerb 21
A21119,335,0,Jude 40,,Iuda 40
A21119,364,0,Hebrews 11,,Heb 11
A21119,379,0,Romans 10.1,,Roma 10 1
A21119,404,0,Matthew 13,,Mat 13
A21119,417,0,1 Timothy 2,,1 Tim 2
A21119,428,0,Titus 2,,Tit 2
A21119,431,0,Acts 18,,Act 18
A21119,445,0,1 Corinthians 8,,1 Corin 8
A21119,467,0,Job 6,,Io 6
A21119,508,0,Matthew 22,,Mat 22
A21119,513,0,1 Corinthians 8,,1 Cor 8
A21119,529,0,Exodus 31,,Exo 31
A21119,542,0,Ephesians 6,,Ephe 6
A21119,550,0,Isaiah 11,,Esay 11
A21119,576,0,Luke 2,,Luke 2
A21119,599,0,John 15,,Ioh 15
A21119,604,0,John 8,,Ioh 8
A21119,617,0,Romans 8,,Ro 8
A21119,623,0,Acts 2,,Act 2
A21119,630,0,Jude 11,,Iud 11
A21119,635,0,1 Kings 23,,1 Reg 23
A21119,648,0,Romans 9,,Roma 9
A21119,655,0,Galatians 3,,Gala 3
A21119,656,0,Deuteronomy 21,,Deute 21
A21119,668,0,Luke 9,,Luke 9
A21119,679,0,1 Timothy 2,,1 Tim 2
A21119,684,0,Proverbs 3,,Prouerb 3
A21119,685,0,2 Corinthians 9,,2 Corin 9
A21119,687,0,Matthew 25,,Math 25
A21119,694,0,Matthew 10,,Math 10
A21119,701,0,John 12,,Iohn 12
A21119,741,0,Proverbs 28,,Prouer 28
A21119,760,0,Genesis 6,,Genesis 6
A21119,764,0,Genesis 11,,Genesis 11
A21119,817,0,Psalms 33,,Psal 33
A21119,817,1,1 Timothy 6.1,,1 Timo 6 1
A21119,826,0,Exodus 9.1,,Exod 9 1
A21119,860,0,Psalms 18,,Psalm 18
A21119,894,0,1 Corinthians 12,,1 Corin 12
A21119,912,0,Philippians 2,,Phili 2
A21119,922,0,Hebrews 11,,Hebre 11
A21119,930,0,1 Peter 3,,1 Pet 3
A21119,935,0,Psalms 118,,psal 118
A21119,1010,0,John 8,,Iohn 8
A21119,1017,0,Romans 5,,Roma 5
A21119,1020,0,Isaiah 11,,Esay 11
A21119,1027,0,Zechariah 9,,zacha 9
A21119,1031,0,Hosea 13,,Osee 13
A21119,1047,0,Micah 2,,Mich 2
A21119,1052,0,2 Corinthians 5,,2 Cor 5
A21119,1055,0,Romans 2,,Roma 2
A21119,1079,0,Numbers 12,,number 12
A21119,1097,0,Genesis 26,,Gene 26
A21119,1128,0,Hebrews 10,,Hebr 10
A21119,1132,0,Hebrews 9,,Heb 9
A21119,1156,0,Acts 15,,Act 15
A21119,1156,1,Numbers 6,,number 6
A21119,1164,0,Matthew 5,,Mat 5
A21119,1217,0,Matthew 15,,Math 15
A21119,1217,1,Matthew 23,,Math 23
A21119,1219,0,Psalms 57,,Psa 57
A21119,1230,0,1 Corinthians 12,,1 Corin 12
A21119,1242,0,1 Corinthians 9,,1 Corin 9
A21119,1270,0,Mark 3,,Marc 3
A21119,1276,0,Exodus 3,,Exo 3
A21119,1278,0,Isaiah 6,,Esai 6
A21119,1282,0,Hebrews 3,,Heb 3
A21119,1286,0,Numbers 27,,Nu 27
A21119,1290,0,2 Corinthians 11,,2 Cor 11
A21119,1295,0,Ecclesiastes 49,,Eccl 49
A21119,1305,0,Acts 10,,Act 10
A21119,1320,0,Isaiah 7,,Esay 7
A21119,1323,0,Acts 22,,Act 22
A21119,1339,0,Galatians 2,,Gal 2
A21119,1363,0,Galatians 3,,Galath 3
A21119,1375,0,Acts 19,,Act 19
A21119,1377,0,1 Corinthians 15,,1 Cor 15
A21119,1383,0,Matthew 22,,Math 22
A21119,1385,0,John 6,,Ioh 6
A21119,1386,0,John 15,,Ioh 15
A21119,1392,0,Romans 7,,Roman 7
A21119,1396,0,1 Kings 9,,1 Reg 9
A21119,1402,0,Romans 8,,Rom 8
A21119,1406,0,Galatians 5,,Gala 5
A21119,1406,1,1 Thessalonians 5,,1 Thessa 5
A21119,1412,0,Romans 7,,Roman 7
A21119,1427,0,Hebrews 12,,Heb 12
A21119,1440,0,Psalms 38.1,,Psalm 38 1
A21119,1496,0,Job 13,,Iob 13
A21119,1521,0,Matthew 13,,Math 13
A21119,1532,0,Luke 11,,Luke 11
A21119,1536,0,1 John 5,,1 Iohn 5
A21119,1539,0,1 Timothy 6,,1 Tim 6
A21119,1560,0,Ecclesiastes 27,,Eccle 27
A21119,1563,0,Proverbs 27,,Pro 27
A21119,1573,0,Leviticus 17,,Leuit 17
A21119,1574,0,Ezekiel 45,,Ezech 45
A21119,1583,0,Matthew 25,,Math 25
A21119,1584,0,Isaiah 26,,Esa 26
A21119,1597,0,Matthew 13,,Math 13
A21119,1599,0,Psalms 79,,Psal 79
A21119,1615,0,Matthew 18,,Math 18
A21119,1628,0,2 Corinthians 2,,2 Cor 2
A21119,1634,0,Isaiah 26,,Esa 26
A21119,1637,0,John 16,,Ioh 16
A21119,1637,1,Proverbs 13,,pro 13
A21119,1670,0,Matthew 5,,Mat 5
A21119,1680,0,Romans 9,,Roman 9
A21119,1689,0,Matthew 20,,Math 20
A21119,1693,0,Romans 9,,Rom 9
A21119,1705,0,Psalms 33,,Psal 33
A21119,1712,0,Matthew 15,,Mat 15
A21119,1728,0,John 17,,Ioh 17
A21119,1739,0,Hebrews 2,,Heb 2
A21119,1741,0,1 Corinthians 10,,1 Cor 10
A21119,1753,0,Job 3,,Io 3
A21119,1774,0,Isaiah 40,,Esa 40
A21119,1780,0,Romans 5,,Roma 5
A21119,1782,0,John 3,,Iohn 3
A21119,1786,0,Matthew 19,,Mathewe 19
A21119,1788,0,Matthew 15,,Math 15
A21119,1793,0,Luke 5,,Luke 5
A21119,1793,1,Mark 2,,Mark 2
A21119,1800,0,Matthew 18,,Math 18
A21119,1819,0,Genesis 33,,Gen 33
A21119,1831,0,Genesis 30,,Gen 30
A21119,1836,0,Joshua 8,,Iosue 8
A21119,1837,0,Joshua 7,,Iosue 7
A21119,1842,0,2 Kings 20,,2 Reg 20
A21119,1846,0,1 Kings 21,,1 Reg 21
A21119,1863,0,Ecclesiastes 41,,Ecclesiast 41
A21119,1864,0,Proverbs 22,,Pro 22
A21119,1871,0,Ecclesiastes 28,,Eccle 28
A21119,1884,0,Hebrews 6,,Heb 6
A21119,1887,0,Hebrews 5,,Heb 5
A21119,1891,0,1 Corinthians 3,,1 Cor 3
A21119,1902,0,Proverbs 16,,Prouerb 16
A21119,1925,0,Psalms 117,,Psal 117
A21119,1936,0,Matthew 21,,Mat 21
A21119,1958,0,Matthew 21,,Math 21
A21119,1969,0,Luke 2,,Luke 2
A21119,1980,0,Matthew 11,,Mat 11
A21119,1994,0,Matthew 12,,Mat 12
A21119,2005,0,Matthew 12,,Math 12
A21119,2018,0,Isaiah 28,,Esa 28
A21119,2033,0,Romans 10,,Ro 10
A21119,2057,0,Revelation 21,,Apo 21
A21119,2067,0,Exodus 19,,Exod 19
A21119,2081,0,Psalms 13,,Psa 13
A21119,2084,0,Philippians 2,,Phil 2
A21119,2096,0,Proverbs 16,,Prouer 16
A21119,2103,0,Romans 12,,Rom 12
A21119,2114,0,Acts 13,,Act 13
A21119,2117,0,1 Timothy 3,,1 Timo 3
A21119,2120,0,1 Timothy 5,,1 Tim 5
A21119,2132,0,Titus 2,,Titus 2
A21119,2136,0,Hebrews 11,,Heb 11
A21119,2142,0,Matthew 5,,Mat 5
A21119,2154,0,1 Timothy 6,,1 Timo 6
A21119,2168,0,Ecclesiastes 22,,Eccle 22
A21119,2175,0,Ecclesiastes 33,,Eccle 33
A21119,2187,0,Hebrews 13,,Hebre 13
A21119,2196,0,Galatians 5,,Gala 5
A21119,2199,0,Romans 7,,Rom 7
A21119,2237,0,Proverbs 6,,Prouer 6
A21119,2258,0,Romans 13,,Ro 13
A21119,2277,0,Acts 5,,Actu 5
A21119,2281,0,Mark 22,,Mar 22
A21119,2287,0,Romans 13,,Rom 13
A21119,2289,0,Romans 12,,Rom 12
A21119,2293,0,Romans 12,,Ro 12
A21119,2296,0,Ecclesiastes 10,,Eccles 10
A21119,2307,0,Ephesians 6,,Eph 6
A21119,2310,0,Genesis 39,,Genes 39
A21119,2324,0,1 Corinthians 12,,1 Cor 12
A21119,2326,0,Acts 5,,Actu 5
A21119,2329,0,Romans 8,,Rom 8
A21119,2351,0,Proverbs 3,,Prou 3
A21119,2353,0,Canticles 2,,Can 2
A21119,2360,0,Isaiah 53,,Esay 53
A21119,2384,0,Deuteronomy 32,,Deu 32
A21119,2384,1,Romans 12,,Ro 12
A21119,2399,0,Isaiah 53,,Esa 53
A21119,2428,0,Ecclesiastes 10,,Eccle 10
A21119,2440,0,Ephesians 5,,Ephe 5
A21119,2475,0,1 Timothy 2,,1 Timo 2
A21119,2485,0,Isaiah 3,,Esai 3
A21119,2503,0,Matthew 5,,Mat 5
A21119,2511,0,Kings 9,,Reg 9
A21119,2579,0,Galatians 3,,Galath 3
A21119,2585,0,1 Corinthians 7,,1 Corin 7
A21119,2588,0,Exodus 19,,Exo 19
A21119,2591,0,1 Kings 21,,1 Reg 21
A21119,2614,0,2 Corinthians 11,,2 Cor 11
A21119,2620,0,1 John 2,,1 Ioh 2
A21119,2630,0,Luke 6,,Luc 6
A21119,2636,0,Luke 10,,Luc 10
A21119,2638,0,2 Corinthians 9,,2 Cor 9
A21119,2642,0,2 Corinthians 8,,2 Cor 8
A21119,2644,0,Exodus 16,,Exo 16
A21119,2675,0,Matthew 5,,Mat 5
A21119,2685,0,Psalms 33,,psal 33
A21119,2688,0,Matthew 12,,Mat 12
A21119,2715,0,Titus 2,,Tit 2
A21119,2724,0,Acts 5,,Act 5
A21119,2739,0,Matthew 5,,Math 5
A21119,2759,0,Leviticus 21.1,,Lu 21 1
A21119,2794,0,Proverbs 5,,Pro 5
A21119,2797,0,Genesis 6,,Gen 6
A21119,2805,0,Proverbs 13,,Pro 13
A21119,2826,0,Acts 15,,Act 15
A21119,2830,0,Ephesians 5,,Eph 5
A21119,2872,0,Joshua 8,,Iosu 8
A21119,2878,0,1 Kings 15,,1 reg 15
A21119,2880,0,Joel 3,,Ioel 3
A21119,2881,0,Galatians 6,,Gala 6
A21119,2884,0,Acts 5,,Actu 5
A21119,2917,0,Exodus 22,,Exod 22
A21119,2939,0,1 Kings 10,,1 Reg 10
A21119,2974,0,Ecclesiastes 30,,Eccle 30
A21119,2976,0,Ecclesiastes 31,,Eccle 31
A21119,2978,0,Proverbs 25,,Pro 25
A21119,2981,0,Job 7,,Iob 7
A21119,2990,0,2 Corinthians 12,,2 Cori 12
A21119,3042,0,Malachi 6,,mala 6
A21119,3064,0,1 Corinthians 1.1,,1 Cor 1 1
A21119,3076,0,Proverbs 5,,Prouer 5
A21119,3082,0,Proverbs 30,,Prouer 30
A21119,3083,0,Job 12,,Iob 12
A21119,3087,0,Proverbs 6,,Prou 6
A21119,3103,0,Canticles 6,,Canti 6
A21119,3115,0,2 Kings 20,,2 Reg 20
A21119,3118,0,Matthew 10,,Mat 10
A21119,3121,0,Romans 8,,Rom 8
A21119,3128,0,Ecclesiastes 7,,Eccle 7
A21119,3144,0,Psalms 31,,Psalm 31
A21119,3167,0,1 John 3,,1 Ioh 3
A21119,3193,0,Revelation 16,,Apo 16
A21119,3200,0,Canticles 8,,Can 8
A21119,3210,0,Hebrews 11,,Heb 11
A21119,3212,0,2 Corinthians 5,,2 Cor 5
A21119,3224,0,Hebrews 13,,Heb 13
A21119,3254,0,Kings 3.17,,3 Reg 3 17
A21119,3301,0,John 11,,Ioh 11
A21119,3306,0,Proverbs 11,,Pro 11
A21119,3308,0,2 Corinthians 11,,2 Co 11
A21119,3322,0,Genesis 18,,Gen 18
A21119,3324,0,Acts 18,,Act 18
A21119,3324,1,Romans 16,,Rom 16
A21119,3345,0,Revelation 12,,re 12
A21119,3352,0,Kings 3.11,,3 reg 3 11
A21119,3362,0,Numbers 11,,Num 11
A21119,3368,0,2 Corinthians 9,,2 Co 9
A21119,3370,0,Corinthians 9,,Corin 9
A21119,3385,0,1 Corinthians 12,,1 Cor 12
A21119,3394,0,Psalms 36,,psalme 36
A21119,3415,0,Matthew 25,,Math 25
A21119,3456,0,Job 5,,Iob 5
A21119,3484,0,Job 5,,Iob 5
A21119,3493,0,Ezekiel 9,,Ezeck 9
A21119,3506,0,Proverbs 11,,Prou 11
A21119,3521,0,1 Peter 5,,1 Pet 5
A21119,3538,0,1 Corinthians 5,,1 Co 5
A21119,3554,0,Luke 6,,Luke 6
A21119,3568,0,Acts 13,,Act 13
A21119,3577,0,1 Timothy 5,,1 Timo 5
A21119,3607,0,1 Timothy 3,,1 Ti 3
A21119,3613,0,1 Timothy 3,,1 Ti 3
A21119,3615,0,1 Timothy 3,,1 Timo 3
A21119,3626,0,Ecclesiastes 2.1,,Ecclesiastes 2 1
A21119,3651,0,2 Timothy 2,,2 Timo 2
A21119,3671,0,2 Corinthians 3,,2 Cor 3
A21119,3716,0,Acts 20,,Act 20
A21119,3741,0,Hebrews 13,,Hebr 13
A21119,3744,0,Matthew 23,,Math 23
A21119,3799,0,Exodus 9,,Exod 9
A21119,3834,0,Philippians 2,,Phil 2
A21119,3842,0,Job 8,,Io 8
A21119,3845,0,1 Timothy 6,,1 Timo 6
A21119,3854,0,Romans 13,,Ro 13
A21119,3863,0,Luke 22,,Luk 22
A21119,3917,0,Proverbs 20,,Pro 20
A21119,4003,0,Proverbs 7,,Pro 7
A68214,8,0,Luke 15,,Luke 15
A68214,9,0,Psalms 51,,Psal 51
A68214,19,0,Deuteronomy 30,,Deut 30
A68214,20,0,Romans 10,,Roma 10
A68214,24,0,Matthew 3.7,,Mat 3 7
A68214,25,0,Job 10,,Io 10
A68214,29,0,John 1.3,,Ihon 1 3
A68214,30,0,Matthew 11,,Math 11
A68214,30,1,Romans 5,,Rom 5
A68214,31,0,Romans 15,,Rom 15
A68214,71,0,Romans 3,,Rom 3
A68214,71,1,Acts 10,,Act 10
A68214,76,0,Isaiah 58,,Esay 58
A68214,77,0,Mark 16,,Mark 16
A68214,77,1,Matthew 28,,Math 28
A68214,91,0,Genesis 7,,Gene 7
A68214,92,0,Genesis 19,,Ge 19
A68214,104,0,Exodus 5.6,,Ex 5 6
A68214,105,0,Isaiah 6,,Esay 6
A68214,106,0,Matthew 10,,Math 10
A68214,110,0,1 Kings 15,,1 Regu 15
A68214,114,0,Mark 16,,Mar 16
A68214,114,1,Matthew 28,,Mat 28
A68214,115,0,Ezekiel 33.3,,Ezechi 33 3
A68214,117,0,1 Corinthians 9,,1 Cor 9
A68214,121,0,Romans 13,,Rom 13
A68214,121,1,Numbers 16,,Num 16
A68214,135,0,Psalms 139,,Psal 139
A68214,158,0,Exodus 20,,Exodi 20
A68214,159,0,Deuteronomy 6,,Deutrono 6
A68214,163,0,Luke 9,,Luke 9
A68214,164,0,2 Thessalonians 2,,2 Thessa 2
A68214,168,0,2 Thessalonians 2,,2 Thess 2
A68214,168,1,Luke 12,,Luke 12
A68214,180,0,Isaiah 63,,Esa 63
A68214,192,0,Genesis 3,,Gene 3
A68214,192,1,1 Thessalonians 2,,1 Thess 2
A68214,201,0,Psalms 106,,Psal 106
A68214,210,0,Exodus 22,,Exod 22
A68214,210,1,Deuteronomy 5,,Deutrono 5
A68214,211,0,John 10,,Iohn 10
A68214,212,0,John 1.6,,Iohn 1 6
A68214,228,0,Deuteronomy 28,,Deu 28
A68214,228,1,Leviticus 26,,Leuiti 26
A68214,241,0,John 6,,Iohn 6
A68214,248,0,Isaiah 5,,Esai 5
A68214,252,0,Matthew 28,,Mathewe 28
A68214,252,1,Mark 16,,Marke 16
A68214,252,2,Ephesians 2,,Ephesians 2
A68214,258,0,Genesis 3,,Gene 3
A68214,272,0,Deuteronomy 17,,deu 17
A68214,289,0,Kings 17,,Regu 17
A68214,294,0,John 6,,Iohn 6
A68214,314,0,1 Corinthians 9,,1 Cor 9
A68214,314,1,Job 10,,Io 10
A68214,331,0,Exodus 20,,Exod 20
A68214,332,0,Deuteronomy 5,,Deut 5
A68214,337,0,Deuteronomy 16,,De 16
A68214,392,0,Job 13,,Io 13
A68214,402,0,Proverbs 17,,Prouerb 17
A68214,402,1,Deuteronomy 19,,Deut 19
A68214,402,2,Luke 22,,Luke 22
A68214,402,3,Romans 13,,Rom 13
A68214,403,0,Joshua 7,,Ios 7
A68214,404,0,Numbers 25,,Nu 25
A68214,407,0,Ephesians 5,,Ephesians 5
A68214,423,0,Exodus 21,,Exod 21
A68214,423,1,Numbers 35,,Nu 35
A68214,423,2,Joshua 20,,Ios 20
A68214,425,0,Exodus 21,,Exo 21
A68214,426,0,Genesis 9,,Gen 9
A68214,426,1,Matthew 26,,Math 26
A68214,428,0,Numbers 35,,Nume 35
A68214,430,0,Numbers 35,,Nume 35
A68214,431,0,Romans 13,,Ro 13
A68214,434,0,Kings 3.21,,3 Reg 3 21
A68214,435,0,1 Samuel 15,,1 Samu 15
A68214,440,0,Deuteronomy 13,,Deut 13
A68214,443,0,Deuteronomy 20.23,,Deut 20 23
A68214,443,1,Luke 3,,Luke 3
A68214,455,0,Exodus 20,,Exodi 20
A68214,477,0,Deuteronomy 6.10,,Deut 6 10
A68214,478,0,Isaiah 45,,Esai 45
A68214,480,0,Jeremiah 12,,Iere 12
A68214,482,0,Exodus 23,,Exodi 23
A68214,483,0,Joshua 23,,Iosue 23
A68214,484,0,Jeremiah 5,,Hierem 5
A68214,545,0,Jeremiah 2.6; Jeremiah 2.7,,Hieremy 2 6 7
A68214,547,0,2 Samuel 8.2,,2 Samuel 8 2
A68214,548,0,Chronicles 22.23,,Para 22 23
A68214,548,1,Esdras 7,,Esdras 7
A68214,561,0,Luke 19,,Luke 19
A68214,566,0,Matthew 9,,Mat 9
A68214,566,1,Luke 5.1,,Luc 5 1
A68214,568,0,Luke 13,,Luc 13
A68214,572,0,Luke 3,,Luke 3
A68214,577,0,Ezekiel 18,,Eze 18
A68214,591,0,Deuteronomy 6,,Deutro 6
A68214,597,0,Hebrews 10,,Hebru 10
A68214,599,0,Hebrews 9,,Hebrues 9
A68214,605,0,Psalms 51,,Psalme 51
A68214,607,0,Micah 6,,Mich 6
A68214,607,1,1 Corinthians 16.51,,1 Corin 16 51
A68214,609,0,Romans 12,,Rome 12
A68214,609,1,Matthew 11,,Mat 11
A68214,622,0,Exodus 20,,Exod 20
A68214,623,0,Deuteronomy 5,,Deut 5
A68214,635,0,Psalms 8; Psalms 9,,Psalm 8 & 9
A68214,637,0,Leviticus 9,,Lu 9
A68214,638,0,Genesis 28,,Gen 28
A68214,646,0,Zechariah 7,,zacha 7
A68214,656,0,Matthew 22,,Mat 22
A68214,671,0,Isaiah 63,,Esay 63
A68214,671,1,Jeremiah 2.15,,Iere 2 15
A68214,672,0,Hosea 7,,Ose 7
A68214,690,0,Psalms 99,,Psal 99
A68214,706,0,Matthew 8.9,,Math 8 9
A68214,711,0,Ezekiel 3.33,,Ezechiel 3 33
A68214,712,0,Isaiah 5,,Esay 5
A68214,713,0,Proverbs 17,,Prouerb 17
A68214,713,1,Matthew 23,,Math 23
A68214,713,2,2 Thessalonians 3,,2 Tess 3
A68214,773,0,Matthew 6,,Mat 6
A68214,787,0,Isaiah 43,,Esa 43
A68214,813,0,1 Samuel 13.1,,1 Sa 13 1
A68214,821,0,1 Samuel 13,,1 Samu 13
A68214,821,1,1 Samuel 15,,1 Sam 15
A68214,827,0,Ezekiel 18,,Eze 18
A68214,827,1,Matthew 11,,Mat 11
A68214,827,2,Job 10,,Io 10
A68214,841,0,Jeremiah 20,,Iere 20
A68214,865,0,Ezekiel 3.33,,Eze 3 33
A68214,865,1,1 Corinthians 9,,1 Cor 9
A68214,877,0,Matthew 28,,Math 28
A68214,880,0,Psalms 19.119,,Psal 19 119
A68214,880,1,2 Timothy 3,,2 Timo 3
A68214,890,0,Isaiah 38,,esa 38
A68214,891,0,Daniel 9,,Dani 9
A68214,894,0,Psalms 75,,Psa 75
A68214,921,0,Luke 13,,Luke 13
A68214,926,0,Genesis 10,,Gen 10
A68214,940,0,Genesis 3,,Gene 3
A68214,940,1,Job 3,,Io 3
A68214,956,0,Hebrews 2,,Heb 2
A68214,956,1,Isaiah 53,,Esa 53
A68214,956,2,1 Corinthians 15,,1 Cor 15
A68214,960,0,Job 21.1,,Io 21 1
A68214,962,0,Philippians 3,,Phil 3
A68214,988,0,Luke 22,,Luke 22
A68214,988,1,1 Corinthians 11,,1 Cor 11
A68214,989,0,Romans 6,,Rom 6
A68214,990,0,Acts 3,,Act 3
A68214,990,1,1 Corinthians 11,,1 Cor 11
A68214,991,0,Matthew 26,,Math 26
A68214,1019,0,1 Corinthians 11,,1 Corin 11
A68214,1115,0,Titus 40.6,,Tit 40 6
A68214,1138,0,Job 6,,Io 6
A68214,1165,0,Matthew 22.1,,Math 22 1
A68214,1165,1,2 Thessalonians 2,,2 thes 2
A68214,1182,0,Matthew 28.1,,Math 28 1
A68214,1184,0,Matthew 16,,Mat 16
A68214,1190,0,1 Corinthians 11,,1 Corin 11
A68214,1200,0,Matthew 10.6,,mat 10 6
A68214,1201,0,Luke 12,,Luc 12
A68214,1202,0,1 Corinthians 10,,1 Cor 10
A68214,1207,0,1 Corinthians 11,,1 Cor 11
A68214,1235,0,1 Corinthians 11,,1 Cor 11
A68214,1239,0,Kings 23,,Reg 23
A68214,1239,1,2 Chronicles 35,,2 Para 35
A68214,1253,0,1 Peter 5,,1 Petri 5
A68214,1255,0,1 Corinthians 7,,1 Corin 7
A68214,1276,0,Kings 22,,Reg 22
A68214,1277,0,Deuteronomy 17,,Deut 17
A68214,1323,0,Genesis 3,,Genes 3
A68214,1324,0,Romans 8,,Roma 8
A68214,1325,0,Genesis 8,,Gene 8
A68214,1346,0,Isaiah 58,,Esa 58
A68214,1346,1,Jeremiah 7,,Ier 7
A68214,1350,0,Luke 19,,Luke 19
A68214,1352,0,Proverbs 22,,Pro 22
A68214,1363,0,Matthew 8,,Mat 8
A68214,1378,0,Isaiah 58,,Esay 58
A68214,1378,1,Ezekiel 18,,Ezech 18
A68214,1380,0,Jeremiah 18,,Iere 18
A68214,1385,0,Ezekiel 18,,Esech 18
A68214,1386,0,Ezekiel 18,,Esech 18
A68214,1386,1,Matthew 11,,Mat 11
A68214,1386,2,Job 3.5,,Io 3 5
A68214,1425,0,Kings 3.19,,3 Reg 3 19
A68214,1467,0,1 Timothy 2,,1 Timo 2
A68214,1468,0,Matthew 11,,Mathe 11
A68214,1483,0,Acts 7,,Act 7
A68214,1483,1,Job 3.5; Job 3.1,,Io 3 5 1
A68214,1484,0,Corinthians 15.1,,Cor 15 1
A68214,1492,0,Kings 3.21,,3 Reg 3 21
A68214,1498,0,Luke 19,,Luc 19
A68214,1498,1,1 Timothy 6,,1 Tim 6
A68214,1510,0,Matthew 25,,Math 25
A68214,1510,1,Luke 16,,Luc 16
A68214,1510,2,Luke 13,,Luke 13
A68214,1514,0,1 Timothy 2,,1 Tim 2
A68214,1514,1,Revelation 8,,Re 8
A68214,1515,0,Numbers 5,,Num 5
A68214,1516,0,2 Chronicles 17,,2 Para 17
A68214,1526,0,Jude 3,,Iuda 3
A68214,1532,0,Kings 12,,Reg 12
A68325,86,0,Jeremiah 48,,Hieremy 48
A68325,183,0,Corinthians 6,,Cor 6
A68350,48,0,2 Corinthians 2,,2 Cor 2
A68350,176,0,Romans 13,,Rom 13
A68350,197,0,Matthew 25,,Mathewe 25
A68350,251,0,Kings 3.17,,3 Reg 3 17
A68350,267,0,Isaiah 5,,Esaye 5
A69147,0,0,Matthew 26,,Mat 26
A69147,89,0,John 18,,Iohn 18
A69147,189,0,John 28,,Iohn 28
A69147,269,0,John 18,,Ihon 18
A69147,364,0,John 19,,Ioh 19
A69147,493,0,John 19,,Ioh 19
A72490,275,0,Luke 16,,Luke 16
A72490,359,0,Hebrews 9,,Hebrues 9
A72490,432,0,Luke 16.1,,Luke 16 1
A72490,594,0,Deuteronomy 18,,Deute 18
A72490,600,0,1 Samuel 18,,1 Sam 18
